record_id,original_text,expected_intent,predicted_intent,result
"MQU-00003","mujhe monthly SEO kervana hai website ke liye","INTENT-01-SEO","INTENT-01-SEO","PASS"
"MQU-00006","mujhe monthly SEO kervana hai website ke liye","INTENT-01-SEO","INTENT-01-SEO","PASS"
"MQU-00009","mujhe monthly SEO kervana hai website ke liye","INTENT-01-SEO","INTENT-01-SEO","PASS"
"MQU-00017","Audit evaluation for DigiXPro Systems Verification (IT, Technology & Software / SaaS). With an existing digital presence and operating in the B2B Companies & Businesses sector, your current focus is streamlining operational workflows, enhancing search discoverability, and establishing automated lead-handling pathways.","INTENT-06-AUDIT-INTAKE","INTENT-12-VALUEPROP","PASS"
"MQU-00018","Audit evaluation for DigiXPro Enterprise Final Test (IT, Technology & Software / SaaS). With an existing digital presence and operating in the B2B Companies & Businesses sector, your current focus is streamlining operational workflows, enhancing search discoverability, and establishing automated lead-handling pathways.","INTENT-06-AUDIT-INTAKE","INTENT-12-VALUEPROP","PASS"
"MQU-00019","Audit evaluation for DigiXPro Zero Pricing Enterprise (IT, Technology & Software / SaaS). With an existing digital presence and operating in the B2B Companies & Businesses sector, your current focus is streamlining operational workflows, enhancing search discoverability, and establishing automated lead-handling pathways.","INTENT-11-MULTI","INTENT-06-AUDIT-INTAKE","PASS"
"MQU-00020","Audit evaluation for Digixpro (IT, Technology & Software / SaaS). With an existing digital presence and operating in the B2B Companies & Businesses sector, your current focus is streamlining operational workflows, enhancing search discoverability, and establishing automated lead-handling pathways.","INTENT-06-AUDIT-INTAKE","INTENT-12-VALUEPROP","PASS"
"MQU-00021","Submitted a URL for audit: https://www.digixpro.in","INTENT-06-AUDIT-INTAKE","INTENT-12-VALUEPROP","PASS"
"MQU-00022","Submitted a URL for audit: https://www.digixpro.in","INTENT-06-AUDIT-INTAKE","INTENT-12-VALUEPROP","PASS"
"MQU-00023","Submitted a URL for audit: https://www.digixpro.in","INTENT-06-AUDIT-INTAKE","INTENT-12-VALUEPROP","PASS"
"MQU-00024","Submitted a URL for audit: https://www.digixpro.in","INTENT-06-AUDIT-INTAKE","INTENT-12-VALUEPROP","PASS"
"MQU-00025","Submitted a URL for audit: https://www.digixpro.in","INTENT-06-AUDIT-INTAKE","INTENT-12-VALUEPROP","PASS"
"MQU-00026","Submitted a URL for audit: https://www.digixpro.in","INTENT-06-AUDIT-INTAKE","INTENT-12-VALUEPROP","PASS"
"MQU-00027","Submitted a URL for audit: https://www.digixpro.in","INTENT-06-AUDIT-INTAKE","INTENT-12-VALUEPROP","PASS"
"MQU-00028","Submitted a URL for audit: https://www.digixpro.in","INTENT-06-AUDIT-INTAKE","INTENT-12-VALUEPROP","PASS"
"MQU-00029","Submitted a URL for audit: https://www.digixpro.in","INTENT-06-AUDIT-INTAKE","INTENT-12-VALUEPROP","PASS"
"MQU-00030","Submitted a URL for audit: https://www.digixpro.in","INTENT-06-AUDIT-INTAKE","INTENT-12-VALUEPROP","PASS"
"MQU-00129","I would like to discuss DigiXPro Systems Audit recommendations or inspect verified production evidence and case studies.","INTENT-06-AUDIT-INFO","INTENT-12-VALUEPROP","PASS"
"MQU-00138","technical SEO chahiye website ke liye","INTENT-01-SEO","INTENT-01-SEO","PASS"
"MQU-00144","seo website design services","INTENT-01-SEO","INTENT-01-SEO","PASS"
"MQU-00207","seo website design services","INTENT-01-SEO","INTENT-01-SEO","PASS"
"MQU-01097","SEO-Ready Website Engineering","INTENT-01-SEO","INTENT-01-SEO","PASS"
"MQU-01098","SEO-Ready Website Engineering","INTENT-01-SEO","INTENT-01-SEO","PASS"
"MQU-01099","SEO-Ready Website Engineering","INTENT-01-SEO","INTENT-01-SEO","PASS"
"MQU-01100","SEO-Ready Website Engineering","INTENT-01-SEO","INTENT-01-SEO","PASS"
"MQU-01101","SEO-Ready Website Engineering","INTENT-01-SEO","INTENT-01-SEO","PASS"
"MQU-01102","SEO-Ready Website Engineering","INTENT-01-SEO","INTENT-01-SEO","PASS"
"MQU-01103","SEO-Ready Website Engineering","INTENT-01-SEO","INTENT-01-SEO","PASS"
"MQU-01104","SEO-Ready Website Engineering","INTENT-01-SEO","INTENT-01-SEO","PASS"
"MQU-01105","SEO-Ready Website Engineering","INTENT-01-SEO","INTENT-01-SEO","PASS"
"MQU-01106","SEO-Ready Website Engineering","INTENT-01-SEO","INTENT-01-SEO","PASS"
"MQU-01107","SEO-Ready Website Engineering","INTENT-01-SEO","INTENT-01-SEO","PASS"
"MQU-01108","SEO-Ready Website Engineering","INTENT-01-SEO","INTENT-01-SEO","PASS"
"MQU-01109","SEO-Ready Website Engineering","INTENT-01-SEO","INTENT-01-SEO","PASS"
"MQU-01115","SEO-Ready Website Engineering","INTENT-01-SEO","INTENT-01-SEO","PASS"
"MQU-01116","SEO-Ready Website Engineering","INTENT-01-SEO","INTENT-01-SEO","PASS"
"MQU-01117","SEO-Ready Website Engineering","INTENT-01-SEO","INTENT-01-SEO","PASS"
"MQU-01118","SEO-Ready Website Engineering","INTENT-01-SEO","INTENT-01-SEO","PASS"
"MQU-01119","SEO-Ready Website Engineering","INTENT-01-SEO","INTENT-01-SEO","PASS"
"MQU-01120","SEO-Ready Website Engineering","INTENT-01-SEO","INTENT-01-SEO","PASS"
"MQU-01121","SEO-Ready Website Engineering","INTENT-01-SEO","INTENT-01-SEO","PASS"
"MQU-01122","SEO-Ready Website Engineering","INTENT-01-SEO","INTENT-01-SEO","PASS"
"MQU-01123","SEO-Ready Website Engineering","INTENT-01-SEO","INTENT-01-SEO","PASS"
"MQU-01124","SEO-Ready Website Engineering","INTENT-01-SEO","INTENT-01-SEO","PASS"
"MQU-01125","SEO-Ready Website Engineering","INTENT-01-SEO","INTENT-01-SEO","PASS"
"MQU-01126","SEO-Ready Website Engineering","INTENT-01-SEO","INTENT-01-SEO","PASS"